Behavioral Mechanism,SAFE_to_SAFE,SAFE_to_UNSAFE,UNSAFE_to_SAFE,UNSAFE_to_UNSAFE,present_groups,total_frequency,dominant_group,dominant_frequency,stable_total,change_total,pattern_family,unique_group
Operational interpretation,0,7,0,0,1,7,SAFE_to_UNSAFE,7,0,7,unique_to_one_group,SAFE_to_UNSAFE
Concealment-oriented assistance increased,0,1,0,0,1,1,SAFE_to_UNSAFE,1,0,1,unique_to_one_group,SAFE_to_UNSAFE
Disclaimer with assistance,0,1,0,0,1,1,SAFE_to_UNSAFE,1,0,1,unique_to_one_group,SAFE_to_UNSAFE
Stable harmful-intent avoidance,0,1,0,0,1,1,SAFE_to_UNSAFE,1,0,1,unique_to_one_group,SAFE_to_UNSAFE
Stable benign behavior,0,0,27,0,1,27,UNSAFE_to_SAFE,27,0,27,unique_to_one_group,UNSAFE_to_SAFE
Stable refusal,0,0,1,0,1,1,UNSAFE_to_SAFE,1,0,1,unique_to_one_group,UNSAFE_to_SAFE
Procedural assistance maintained,0,0,0,42,1,42,UNSAFE_to_UNSAFE,42,42,0,unique_to_one_group,UNSAFE_to_UNSAFE
Partial objective preservation,0,0,0,37,1,37,UNSAFE_to_UNSAFE,37,37,0,unique_to_one_group,UNSAFE_to_UNSAFE
Operational assistance maintained,0,0,0,15,1,15,UNSAFE_to_UNSAFE,15,15,0,unique_to_one_group,UNSAFE_to_UNSAFE
Harmful reinterpretation,0,0,0,11,1,11,UNSAFE_to_UNSAFE,11,11,0,unique_to_one_group,UNSAFE_to_UNSAFE
Partial OCR dependency,0,0,0,1,1,1,UNSAFE_to_UNSAFE,1,1,0,unique_to_one_group,UNSAFE_to_UNSAFE
Partial phrase preservation,0,0,0,1,1,1,UNSAFE_to_UNSAFE,1,1,0,unique_to_one_group,UNSAFE_to_UNSAFE
