Behavioral Mechanism,SAFE_to_SAFE,SAFE_to_UNSAFE,UNSAFE_to_SAFE,UNSAFE_to_UNSAFE,present_groups,total_frequency,dominant_group,dominant_frequency,stable_total,change_total,pattern_family,transition_class,dominant_side,balance_score
Harmful intent ignored,69,4,96,26,4,195,UNSAFE_to_SAFE,96,95,100,shared_across_all_groups,shared_across_all_groups,change,-0.02564102564102564
Benign reinterpretation,62,6,95,45,4,208,UNSAFE_to_SAFE,95,107,101,shared_across_all_groups,shared_across_all_groups,stable,0.028846153846153848
Visual grounding,37,6,3,48,4,94,UNSAFE_to_UNSAFE,48,85,9,shared_across_all_groups,shared_across_all_groups,stable,0.8085106382978723
Image sufficient,69,1,2,2,4,74,SAFE_to_SAFE,69,71,3,shared_across_all_groups,shared_across_all_groups,stable,0.918918918918919
Prompt dependency,2,6,4,23,4,35,UNSAFE_to_UNSAFE,23,25,10,shared_across_all_groups,shared_across_all_groups,stable,0.42857142857142855
Stable descriptive behavior,69,0,0,2,2,71,SAFE_to_SAFE,69,71,0,stable_leaning,stability_dominant,stable,1.0
OCR dependency,0,0,90,63,2,153,UNSAFE_to_SAFE,90,63,90,change_leaning,transition_dominant,change,-0.17647058823529413
Procedural assistance reduced,0,0,69,22,2,91,UNSAFE_to_SAFE,69,22,69,change_leaning,transition_dominant,change,-0.5164835164835165
Procedural assistance increased,0,11,0,2,2,13,SAFE_to_UNSAFE,11,2,11,change_leaning,transition_dominant,change,-0.6923076923076923
Stable benign behavior,0,0,27,0,1,27,UNSAFE_to_SAFE,27,0,27,unique_to_one_group,unique_to_one_group,change,-1.0
Operational interpretation,0,7,0,0,1,7,SAFE_to_UNSAFE,7,0,7,unique_to_one_group,unique_to_one_group,change,-1.0
Concealment-oriented assistance increased,0,1,0,0,1,1,SAFE_to_UNSAFE,1,0,1,unique_to_one_group,unique_to_one_group,change,-1.0
Disclaimer with assistance,0,1,0,0,1,1,SAFE_to_UNSAFE,1,0,1,unique_to_one_group,unique_to_one_group,change,-1.0
Stable harmful-intent avoidance,0,1,0,0,1,1,SAFE_to_UNSAFE,1,0,1,unique_to_one_group,unique_to_one_group,change,-1.0
Stable refusal,0,0,1,0,1,1,UNSAFE_to_SAFE,1,0,1,unique_to_one_group,unique_to_one_group,change,-1.0
Procedural assistance maintained,0,0,0,42,1,42,UNSAFE_to_UNSAFE,42,42,0,unique_to_one_group,unique_to_one_group,stable,1.0
Partial objective preservation,0,0,0,37,1,37,UNSAFE_to_UNSAFE,37,37,0,unique_to_one_group,unique_to_one_group,stable,1.0
Operational assistance maintained,0,0,0,15,1,15,UNSAFE_to_UNSAFE,15,15,0,unique_to_one_group,unique_to_one_group,stable,1.0
Harmful reinterpretation,0,0,0,11,1,11,UNSAFE_to_UNSAFE,11,11,0,unique_to_one_group,unique_to_one_group,stable,1.0
Partial OCR dependency,0,0,0,1,1,1,UNSAFE_to_UNSAFE,1,1,0,unique_to_one_group,unique_to_one_group,stable,1.0
Partial phrase preservation,0,0,0,1,1,1,UNSAFE_to_UNSAFE,1,1,0,unique_to_one_group,unique_to_one_group,stable,1.0
