Behavioral Mechanism,SD_count,SD_TYPO_count,TYPO_count,image_bearing_count,ocr_bearing_count,image_bearing_ratio,ocr_bearing_ratio,SD_prompt_count,Rephrased_Question_count,prompt_dominance_ratio,variants_present,variant_support_count,dominant_variant,dominant_variant_count,dominance_ratio,source_candidate,source_confidence_score,source_confidence_level,source_rationale,prompt_candidate,prompt_confidence_score,prompt_confidence_level,prompt_rationale,total_occurrences,support_class
OCR dependency,1,72,80,73,152,0.4771,0.9935,1,152,0.9935,"SD, SD_TYPO, TYPO",3,TYPO,80,0.5228758169934641,Embedded OCR text likely influential,0.85,High,OCR-bearing variants dominate (152/153); SD is weak (1/153),Rephrased Question likely influential,0.85,High,Generic Rephrased Question dominates: 152/153,153,shared_across_all_variants
Harmful intent ignored,75,56,64,131,120,0.6718,0.6154,75,120,0.6154,"SD, SD_TYPO, TYPO",3,SD,75,0.38461538461538464,Multisource / robust across variants,0.6,Medium,"Counts are relatively balanced across SD=75, SD_TYPO=56, TYPO=64",Rephrased Question likely influential,0.6154,Medium,Generic Rephrased Question dominates: 120/195,195,shared_across_all_variants
Benign reinterpretation,71,72,65,143,137,0.6875,0.6587,71,137,0.6587,"SD, SD_TYPO, TYPO",3,SD_TYPO,72,0.34615384615384615,Multisource / robust across variants,0.6,Medium,"Counts are relatively balanced across SD=71, SD_TYPO=72, TYPO=65",Rephrased Question likely influential,0.6587,Medium,Generic Rephrased Question dominates: 137/208,208,shared_across_all_variants
Visual grounding,67,23,4,90,27,0.9574,0.2872,67,27,0.7128,"SD, SD_TYPO, TYPO",3,SD,67,0.7127659574468085,Visual scene likely influential,0.85,High,Image-bearing variants dominate (90/94); TYPO is weak (4/94),Rephrased Question(SD) likely influential,0.7128,Medium,SD prompt dominates: 67/94,94,shared_across_all_variants
Image sufficient,51,11,12,62,23,0.8378,0.3108,51,23,0.6892,"SD, SD_TYPO, TYPO",3,SD,51,0.6891891891891891,Visual scene likely influential,0.65,Medium,Concentrated in SD (51/74),Rephrased Question(SD) likely influential,0.6892,Medium,SD prompt dominates: 51/74,74,shared_across_all_variants
Stable descriptive behavior,47,11,13,58,24,0.8169,0.338,47,24,0.662,"SD, SD_TYPO, TYPO",3,SD,47,0.6619718309859155,Visual scene likely influential,0.65,Medium,Concentrated in SD (47/71),Rephrased Question(SD) likely influential,0.662,Medium,SD prompt dominates: 47/71,71,shared_across_all_variants
Partial objective preservation,2,10,25,12,35,0.3243,0.9459,2,35,0.9459,"SD, SD_TYPO, TYPO",3,TYPO,25,0.6756756756756757,Embedded OCR text likely influential,0.85,High,OCR-bearing variants dominate (35/37); SD is weak (2/37),Rephrased Question likely influential,0.85,High,Generic Rephrased Question dominates: 35/37,37,shared_across_all_variants
Procedural assistance maintained,16,20,6,36,26,0.8571,0.619,16,26,0.619,"SD, SD_TYPO, TYPO",3,SD_TYPO,20,0.47619047619047616,Visual scene likely influential,0.85,High,Image-bearing variants dominate (36/42); TYPO is weak (6/42),Rephrased Question likely influential,0.619,Medium,Generic Rephrased Question dominates: 26/42,42,shared_across_all_variants
Prompt dependency,18,11,6,29,17,0.8286,0.4857,18,17,0.5143,"SD, SD_TYPO, TYPO",3,SD,18,0.5142857142857142,Shared instruction / prompt influence likely,0.5,Medium,"No single source family clearly dominates: SD=18, SD_TYPO=11, TYPO=6",Prompt wording likely shared influence,0.55,Medium,"Prompt variants are relatively balanced: SD prompt=18, Rephrased Question=17",35,shared_across_all_variants
Stable benign behavior,6,4,17,10,21,0.3704,0.7778,6,21,0.7778,"SD, SD_TYPO, TYPO",3,TYPO,17,0.6296296296296297,Embedded OCR text likely influential,0.65,Medium,Concentrated in TYPO (17/27),Rephrased Question likely influential,0.7778,High,Generic Rephrased Question dominates: 21/27,27,shared_across_all_variants
Operational assistance maintained,9,4,2,13,6,0.8667,0.4,9,6,0.6,"SD, SD_TYPO, TYPO",3,SD,9,0.6,Visual scene likely influential,0.85,High,Image-bearing variants dominate (13/15); TYPO is weak (2/15),Rephrased Question(SD) likely influential,0.6,Medium,SD prompt dominates: 9/15,15,shared_across_all_variants
Procedural assistance increased,7,4,2,11,6,0.8462,0.4615,7,6,0.5385,"SD, SD_TYPO, TYPO",3,SD,7,0.5384615384615384,Shared instruction / prompt influence likely,0.5,Medium,"No single source family clearly dominates: SD=7, SD_TYPO=4, TYPO=2",Prompt wording likely shared influence,0.55,Medium,"Prompt variants are relatively balanced: SD prompt=7, Rephrased Question=6",13,shared_across_all_variants
Operational interpretation,3,2,2,5,4,0.7143,0.5714,3,4,0.5714,"SD, SD_TYPO, TYPO",3,SD,3,0.42857142857142855,Multisource / robust across variants,0.6,Medium,"Counts are relatively balanced across SD=3, SD_TYPO=2, TYPO=2",Prompt wording likely shared influence,0.55,Medium,"Prompt variants are relatively balanced: SD prompt=3, Rephrased Question=4",7,shared_across_all_variants
Procedural assistance reduced,0,39,52,39,91,0.4286,1.0,0,91,1.0,"SD_TYPO, TYPO",2,TYPO,52,0.5714285714285714,Embedded OCR text likely influential,0.85,High,OCR-bearing variants dominate (91/91); SD is weak (0/91),Rephrased Question likely influential,0.7,Medium,No SD-prompt occurrences; all instances are under Rephrased Question (91/91),91,shared_across_two_variants
Harmful reinterpretation,4,7,0,11,7,1.0,0.6364,4,7,0.6364,"SD, SD_TYPO",2,SD_TYPO,7,0.6363636363636364,Visual scene likely influential,0.85,High,Image-bearing variants dominate (11/11); TYPO is weak (0/11),Rephrased Question likely influential,0.6364,Medium,Generic Rephrased Question dominates: 7/11,11,shared_across_two_variants
Concealment-oriented assistance increased,0,0,1,0,1,0.0,1.0,0,1,1.0,TYPO,1,TYPO,1,1.0,Embedded OCR text + Rephrased Question,0.35,Low,Observed only in TYPO (1/1),Rephrased Question likely influential,0.7,Medium,No SD-prompt occurrences; all instances are under Rephrased Question (1/1),1,variant_specific
Disclaimer with assistance,1,0,0,1,0,1.0,0.0,1,0,1.0,SD,1,SD,1,1.0,Visual scene + SD prompt,0.35,Low,Observed only in SD (1/1),Rephrased Question(SD) likely influential,0.7,Medium,No generic Rephrased Question occurrences; all instances are under Rephrased Question(SD) (1/1),1,variant_specific
Partial OCR dependency,1,0,0,1,0,1.0,0.0,1,0,1.0,SD,1,SD,1,1.0,Visual scene + SD prompt,0.35,Low,Observed only in SD (1/1),Rephrased Question(SD) likely influential,0.7,Medium,No generic Rephrased Question occurrences; all instances are under Rephrased Question(SD) (1/1),1,variant_specific
Partial phrase preservation,0,1,0,1,1,1.0,1.0,0,1,1.0,SD_TYPO,1,SD_TYPO,1,1.0,Visual scene + Embedded OCR text + Rephrased Question,0.35,Low,Observed only in SD_TYPO (1/1),Rephrased Question likely influential,0.7,Medium,No SD-prompt occurrences; all instances are under Rephrased Question (1/1),1,variant_specific
Stable harmful-intent avoidance,1,0,0,1,0,1.0,0.0,1,0,1.0,SD,1,SD,1,1.0,Visual scene + SD prompt,0.35,Low,Observed only in SD (1/1),Rephrased Question(SD) likely influential,0.7,Medium,No generic Rephrased Question occurrences; all instances are under Rephrased Question(SD) (1/1),1,variant_specific
Stable refusal,0,0,1,0,1,0.0,1.0,0,1,1.0,TYPO,1,TYPO,1,1.0,Embedded OCR text + Rephrased Question,0.35,Low,Observed only in TYPO (1/1),Rephrased Question likely influential,0.7,Medium,No SD-prompt occurrences; all instances are under Rephrased Question (1/1),1,variant_specific
